dataType,dataName,devicetypes,elementTypes,section,page,order,attachTo,type,title,question,notes,units,required,hidden,protected,dontsend,requiresConfirmation,ignoreDefault,minutes,photo,commentTitle,ifExpr,defaultExpr,passfailExpr,failtext,options,columns,legacyId
Process,Variable,Device types,Element types,Section,Page,Order,Attach to,Type,Title,Question,Notes,Units,Required,Hidden,Protected,Reference data,Confirm,Ignore default,Minutes,Photo tag,Comment title,If,Default,Passfail,Fail text,Options,Columns,Legacy ID
acceptance,tTolerance,"dhw, hiu",,Standard Data,,3,,number,DHW Temperature Tolerance,What is the tolerance on DHW temperature accuracy?,Plus and minus the figure given.,°C,true,false,false,false,true,false,0,,,'{{typeDHW}}'=='PHEx',3,,,,,3
acceptance,tToleranceHTG,"hiu, ciu",,Standard Data,,4,,number,HTG Temperature Tolerance,What is the tolerance on HTG temperature accuracy?,Plus and minus the figure given.,°C,true,false,false,false,true,false,0,,,'{{typeHTG}}'!='' && '{{typeHTG}}'!='None',3,,,,,106
acceptance,propertyType,plot,cc,About,,12.1,,select,Select Property Type,Please select the property type.,Standard types are defined in the Standard Data section and specify the system setpoints and limits.,,true,false,false,false,true,false,0.2,,,true,,,,"""lookup('propertyTypes','propertyType','propertyType')""",,13
acceptance,nFloors,plot,cc,About,,12.15,,number,Number of floors,How many floor levels does the property have?,,,true,false,false,false,true,false,0.5,,,true,,,,,,118
acceptance,hiuType,hiu,cc,About,,12.2,,select,HIU Type,What type of HIU?,,,true,false,false,false,true,false,0.1,,,true,,,,"""lookup('hiuTypes','hiuType','hiuType')""",,116
acceptance,isBath,plot,cc,About,,12.3,,boolean,Bath tub fitted,Please confirm if there is a bath tub ?,,,true,false,false,false,true,false,0.5,,,true,,,,,,16
acceptance,typeDHW,hiu,cc,About,,12.3,device,select,DHW Type,How is domestic hot water generated?,,,true,false,false,false,true,false,0.2,,,,,,,"[{""title"":""PHEx (instantaneous)"",""value"":""PHEx""},{""title"":""Stored cylinder"",""value"":""Stored""},{""title"":""None"",""value"":""None""}]",,
acceptance,isEnsuite1,plot,cc,About,,12.31,,boolean,Ensuite with Shower,Please confirm if there is an en-suite bathroom ?,Seperate to main bathroom.,,false,false,false,false,true,false,0.25,,,true,,,,,,248
acceptance,tSetpointDHW,"hiu, unvented_cylinder",,DHW Setup,,15.01,,number,DHW Setpoint Temperature,What is the Target DHW Setpoint Temperature?,,°C,true,false,false,false,true,false,0.5,,,'{{typeDHW}}'=='PHEx',{{tSetDHW}},,,,,227
acceptance,typeEmitter,hiu,,Central Heating Setup,,16.2,,select,Central heating emitter,What types of central heating emitter are used?,,,true,false,false,false,true,false,0.5,,,'{{typeHTG}}'!='None',{{typeEmitterD}},,,"[{""title"":""Radiators"",""value"":""radiator""},{""title"":""Underfloor heating (piped)"",""value"":""underfloor""},{""title"":""Mixed, UFH & Rads"",""value"":""mixed""},{""title"":""Fan convectors"",""value"":""fan""}]",,119
acceptance,tSetpointHTG,hiu,,Central Heating Setup,,16.3,,number,HIU Heating Setpoint Temperature,What is the Target HIU Heating Setpoint Temperature?,,°C,true,false,false,false,true,false,0.5,,,'{{typeHTG}}'=='PHEx',{{tSetHTG}},,,,,230
acceptance,pHTGMin,"hiu, ciu",,Central Heating Setup,,16.35,,number,Minimum system fill pressure,What is the minimum system fill pressure ?,,bar,false,false,false,false,true,false,0,,,'{{typeHTG}}'=='PHEx',2,,,,,309
acceptance,nZones,hiu,,Central Heating Setup,,16.41,,number,Number of zones,How many heating zones are there on heating manifold?,,,true,false,false,false,true,false,0.5,,,'{{typeEmitter}}'=='underfloor'  || '{{typeEmitter}}'=='mixed',,,,,,120
acceptance,nRads,hiu,,Central Heating Setup,,16.42,,number,Number of radiators,How many radiators are there?,,,true,false,false,false,true,false,1,,,'{{typeEmitter}}'=='radiator'  || '{{typeEmitter}}'=='mixed',,,,,,121
acceptance,typeTRV,hiu,,Central Heating Setup,,16.43,,select,Radiator flow control,What types of TRVs are used?,,,true,false,false,false,true,false,0.5,,,'{{typeEmitter}}'=='radiator' || '{{typeEmitter}}'=='mixed',,,,"[{""title"":""Basic TRV, with no presetting"",""value"":""basic TRV""},{""title"":""Pre-settable TRV"",""value"":""presettable TRV""},{""title"":""Pressure-independent pre-settable TRV"",""value"":""PICV TRV""},{""title"":""None, isolation only"",""value"":""isolation""}]",,122
acceptance,typeRTL,hiu,,Central Heating Setup,,16.44,,select,Radiator return control,Are return temperature limit valves fitted to radiators?,,,true,false,false,false,true,false,0.5,,,'{{typeEmitter}}'=='radiator' || '{{typeEmitter}}'=='mixed',,,,"[{""title"":""Return temperature control"",""value"":""RTL""},{""title"":""None, isolation only"",""value"":""isolation""}]",,123
acceptance,typeRoomStat,hiu,,Central Heating Setup,,16.45,,text,Room thermostat,Make and model of room thermostat?,,,true,false,false,false,true,false,0.5,,,'{{typeHTG}}'!='None',,,,,,124
acceptance,voltageRoomStat,hiu,,Central Heating Setup,,16.46,,select,Room thermostat volt-free,In the room thermostat volt-free switching?,,,true,false,false,false,true,false,0,,,'{{typeRoomStat}}',,,,"[{""title"":""Volt-Free"",""value"":""Yes""},{""title"":""Mains Voltage"",""value"":""No""}]",,125
acceptance,relayRoomStat,hiu,,Central Heating Setup,,16.47,,select,Room thermostat relay,Is a relay fitted to provide volt-free switching to the HIU?,,,true,false,false,false,true,false,1,,,false,,,,"[{""title"":""Yes"",""value"":""Yes""},{""title"":""No"",""value"":""No""}]",,126
acceptance,unswitchedFusedSpur,hiu,,Initial Checks,,19.02,,passfail,Unswitched Fused Spur,Is there an unswitched fused spur?,,,true,false,false,false,true,false,0.5,,,true,,,The power supply spur is not fused and unswitched.,,,127
acceptance,labelledFusedSpur,hiu,,Initial Checks,,19.03,,passfail,Labelled Fused Spur,Is the fused spur labelled?,,,true,false,false,false,true,false,0.5,,,true,,,,,,128
acceptance,3AFusedSpur,hiu,,Initial Checks,,19.04,,passfail,3 Amp Fused Spur,Is there a 3A fuse in the fused spur?,,,true,false,false,false,true,false,2,,,true,,,,,,129
acceptance,checkCasing,hiu,,Initial Checks,,19.05,,boolean,HIU Casing,Is the HIU casing fitted correctly upon arrival?,,,true,false,false,false,true,false,0.5,HIU Casing,,true,,,,,,130
acceptance,allOff1,hiu,,Initial Checks,,19.06,,select,Check All Off,Please ensure heating is turned off and no taps are running.,,,true,false,false,false,true,false,0.5,,,'{{typeHTG}}'!='None',,,,"[{""title"":""Done"",""value"":""Done""}]",,131
acceptance,ufhOverheat,hiu,,Initial Checks,,19.061,,boolean,Underfloor Heating Overheat Protection,Is the hot flow to the underfloor heating manifold fitted with a manual reset overheat cut-out?,,,true,false,false,false,true,false,0.5,,,'{{typeEmitter}}'=='underfloor' || '{{typeEmitter}}'=='mixed',,,,,,132
acceptance,ufhLabelled,hiu,,Initial Checks,,19.062,,boolean,Underfloor Heating Labelling,Are the underfloor heating zones and actuators labelled with their position on manifold?,,,true,false,false,false,true,false,0.5,UFH Manfold,,'{{typeEmitter}}'=='underfloor' || '{{typeEmitter}}'=='mixed',,,,,,133
acceptance,metersAccessible,"hiu, ciu",,Initial Checks,,19.063,,passfail,Heat Meters Accessible,Can the heat meter(s) be easily accessed by occupants?,,,true,false,false,false,true,false,0.5,,,true,,,,"[{""title"":""Yes"",""value"":""OK""},{""title"":""Not accessible"",""value"":""No access""},{""title"":""Hard to access"",""value"":""Hard to access""}]",,134
acceptance,mainsStopcock,hiu,,Initial Checks,,19.064,,text,Cold Mains Stopcock,Please record position of mains stopcock.,,,true,false,false,false,true,false,0.5,,,true,,,,,,135
acceptance,primaryInsulation,hiu,,Initial Checks,,19.065,,text,Primary Insulation,What thickness and type of insulation is fitted to primary pipework?,Please include notes on defects in insulation.,,true,false,false,false,true,false,0.5,,,true,,,,,,136
acceptance,pipeworkFixed,hiu,,Initial Checks,,19.066,,boolean,Pipework Fastened,Are all pipes securely supported and fastened?,Please take a photo of defects.,,true,false,false,false,true,false,0.5,Loose Pipework,,true,,,,,,137
acceptance,removeCasing,"hiu, ciu",,Initial Checks,,19.067,,boolean,Remove Casing,Please remove the HIU casing.,,,true,false,false,false,true,false,1,HIU with Casing Off,,true,,,,"[{""title"":""Done"",""value"":""Done""}]",,138
acceptance,signsOfLeaks,"hiu, ciu",,Initial Checks,,19.068,,text,Leaks on Pipework,Are there any signs of leaks or water damage on pipework or in HIU?,Please describe in detail.,,true,false,false,false,true,false,1,Leaks in pipework,,true,,,,,,139
acceptance,checkHeatMeter,"hiu, ciu",,Initial Checks,,19.069,,boolean,Heat Meter,Is the Heat Meter working?,,,true,false,false,false,true,false,1,Heat meter,,true,,,,,,140
acceptance,checkFlushingBypass,"hiu, ciu",,Initial Checks,,19.07,,select,Flushing Bypass,Confirm (visually) that the flushing bypass is in closed position.,"If in open or isolated position, please close the bypass and enable flow to the HIU.",,true,false,false,false,true,false,0.5,,,true,,,,"[{""title"":""Bypass is closed"",""value"":""Closed""},{""title"":""Bypass found bypassing, now closed"",""value"":""Bypass Closed""},{""title"":""No Flushing Bypass"",""value"":""Not fitted""}]",,141
acceptance,checkPrimaryStrainer,"hiu, ciu",,Initial Checks,,19.071,,select,Check Primary Strainer,Isolate HIU and check if the primary strainer is clean.,Follow correct process for isolating & draining HIU. Safely store and label any debris found in the strainer for later testing.,,true,false,false,false,true,false,3,Strainer Condition,,true,,,,"[{""title"":""Strainer is clear"",""value"":""Clear""},{""title"":""Strainer had minor debris"",""value"":""Minor debris""},{""title"":""Strainer had significant debris"",""value"":""Significant debris""},{""title"":""Strainer blocked"",""value"":""Blocked""}]",,142
acceptance,checkTestPoints,hiu,,Initial Checks,,19.072,,boolean,Differential Pressure Test Points,Are there test points for measuring the Primary Differential Pressure?,,,true,false,false,false,true,false,0.5,,,true,,,,,,143
acceptance,hiuModel,"hiu, ciu",,Initial Checks,,19.073,,text,HIU Make and Model,What is the make and model of HIU?,,,true,false,false,false,true,false,0.5,,,true,,,,,,144
acceptance,serialHIU,"hiu, ciu",,Initial Checks,,19.074,,text,HIU Serial Number,Please give the HIU Serial Number.,,,true,false,false,false,true,false,1,HIU data badge,,true,,,,,,145
acceptance,serialHeatMeter,"hiu, ciu",,Initial Checks,,19.075,,text,Heat Meter Serial Number,Please give the Heat Meter Serial Number.,,,true,false,false,false,true,false,1,,,true,,,,,,146
acceptance,makeModelHeatMeter,"hiu, ciu",,Initial Checks,,19.076,,text,Heat Meter Make and Model,Please give the Heat Meter Make and Model.,,,true,false,false,false,true,false,0.5,,,true,,,,,,147
acceptance,manufacturer,unvented_cylinder,,Initial Checks,,19.09,,text,Cylinder Make,What is the make of cylinder?,,,true,false,false,false,true,false,0.5,,,true,,,,,,18
acceptance,model,unvented_cylinder,,Initial Checks,,19.1,,text,Cylinder Model,What is the model of cylinder?,,,true,false,false,false,true,false,0.5,,,true,,,,,,19
acceptance,storageVolume,unvented_cylinder,,Initial Checks,,19.11,,text,Cylinder Volume,What is the volume of the cylinder?,,,true,false,false,false,true,false,0.5,,,true,,,,,,20
acceptance,serialCyl,unvented_cylinder,,Initial Checks,,19.12,,text,Cylinder Serial Number,Please give the Cylinder Serial Number.,,,true,false,false,false,true,false,0,Cylinder data badge,,true,,,,,,22
acceptance,locationCyl,unvented_cylinder,,Initial Checks,,19.13,,text,Cylinder Location,Where is the cylinder located,,,true,false,false,false,true,false,0,,,true,Utility cupboard in hallway,,,,,23
acceptance,limescaleReducerFitted,"unvented_cylinder, hiu",,Initial Checks,,19.14,,boolean,Limescale Reducer Fitted,Is a limescale reducer fitted ?,,,true,false,false,false,true,false,0.5,,,true,,,,,,24
acceptance,systemVolume,hiu,,Central Heating Flushing,,25.02,,text,Central Heating Volume,What is the volume of the central heating system?,,litres,true,false,false,false,true,false,1,,,'{{typeHTG}}'!='None',,,,,,217
acceptance,makeCleansingAgent,hiu,,Central Heating Flushing,,25.024,,text,Cleansing Agent,What is the make of cleansing agent used?,,,true,false,false,false,true,false,0,,,'{{typeHTG}}'!='None',,,,,,218
acceptance,systemCleansed,hiu,,Central Heating Flushing,,25.025,,boolean,Central Heating Chemically Cleansed,Chemically cleanse the central heating using {{makeCleansingAgent}} and confirm.,,,true,false,false,false,true,false,30,,,'{{makeCleansingAgent}}'!='',,,,,,219
acceptance,heatingFlushed,hiu,,Central Heating Flushing,,25.1,,boolean,Central Heating Flushed,Has the central heating been flushed?,,,true,false,false,false,true,false,100,,,'{{typeHTG}}'!='None',,,,,,216
acceptance,heatingStrainerClean,hiu,,Central Heating Flushing,,25.2,,boolean,Central Heating Strainer Clean,Is the central heating strainer clean?,,,true,false,false,false,true,false,0,,,'{{typeHTG}}'!='None',,,,,,234
acceptance,makeInhibitor,hiu,,Central Heating Flushing,,25.5,,text,Inhibitor Make,What is the type of inhibitor used?,,,true,false,false,false,true,false,0,,,'{{typeHTG}}'!='None',,,,,,222
acceptance,litresInhibitor,hiu,,Central Heating Flushing,,25.51,,text,Inhibitor Volume Added,What volume of inhibitor (litres) has been added?,,litres,true,false,false,false,true,false,0,,,'{{typeHTG}}'!='None',,,,,,221
acceptance,systemTreated,hiu,,Central Heating Flushing,,25.52,,boolean,System Chemically Treated,Chemically treat the central heating with {{litresInhibitor}} litres of {{makeInhibitor}} inhibitor and confirm.,,,true,false,false,false,true,false,10,,,'{{typeHTG}}'!='None',,,,,,226
acceptance,pHTGFill,hiu,,Central Heating Flushing,,25.54,,number,Fill Central Heating Pressure,Refill the central heating and confirm pressure below.,Please read from available pressure gauge.,bar,true,false,false,false,true,false,4,,,'{{typeHTG}}'=='PHEx',,,,,,235
acceptance,waterSamplesTaken,hiu,,Central Heating Flushing,,25.55,,boolean,Water Samples Taken,Take water samples from the central heating been and confirm.,,,true,false,false,false,true,false,5,,,'{{typeHTG}}'!='None',,,,,,220
acceptance,adeyProChecked,hiu,,Central Heating Flushing,,25.6,,boolean,Adey Pro-Checked,"Has the ADEY Pro Check been sampled, downloaded, and attached as a photo?",,,true,false,false,false,true,false,30,Adey Results,,'{{typeHTG}}'!='None',,,,,,223
acceptance,heatingLeakFree,hiu,,Central Heating Flushing,,25.8,,boolean,Central Heating Free from Leaks,Is the heating free from leaks and holding pressure?,Fix leaks where possible.,,true,false,false,false,true,false,0,,,'{{typeHTG}}'=='PHEx',,,,,,236
acceptance,kwh1,"hiu, ciu",,Initial Heat Meter Readings,,27.01,,number,"Initial Readings, Meter Energy",What is current Energy (kWh) reading on the heat meter?,"Press the button on the meter until it shows kWh or MWh.  If the units are in MWh, please multiply by 1000 (move decimal 3 places right) to convert to KWh.",kWh,true,false,false,false,true,false,1,Meter Serial & kWh,,'{{checkHeatMeter}}'=='true',,,,,,148
acceptance,m31,"hiu, ciu",,Initial Heat Meter Readings,,27.02,,number,"Initial Readings, Meter Volume",What is current Volume(m3) reading on the heat meter?,Press the button on the meter until it shows m3.,m3,true,false,false,false,true,false,0,,,'{{checkHeatMeter}}'=='true',,,,,,149
acceptance,opTime,"hiu, ciu",,Initial Heat Meter Readings,,27.03,,number,"Initial Readings, Operating Time",What is operating time on the heat meter (in hours) ?,Press the button on the meter until it shows hours.,hours,true,false,false,false,true,false,0,,,'{{checkHeatMeter}}'=='true',,,,,,150
acceptance,m3h1,"hiu, ciu",,Initial Heat Meter Readings,,27.04,,number,"Initial Readings, Meter Flow Rate",What is highest Flow Rate / Volume Flow on the heat meter over 1 minute?,"Press the button on the meter until it shows lph, m3h or m3/h. Watch the reading for 1 minute to see the highest reading.  If the units are in lph (litres/hour) please divide by 1000 (move decimal 3 places left) to convert to m3/h.",m3/h,true,false,false,false,true,false,1,,,'{{checkHeatMeter}}'=='true',,,,,,151
acceptance,kw1,"hiu, ciu",,Initial Heat Meter Readings,,27.05,,number,"Initial Readings, Meter Power",What is current Power (kW) on the heat meter?,Press the button on the meter until it shows kW.,kW,true,false,false,false,true,false,0,,,'{{checkHeatMeter}}'=='true',,,,,,152
acceptance,tF1,"hiu, ciu",,Initial Heat Meter Readings,,27.06,,number,"Initial Readings, Meter Flow Temperature",What is current Flow Temperature on the heat meter?,Press the button on the meter until it shows tF or tFlow.,°C,true,false,false,false,true,false,0,,,'{{checkHeatMeter}}'=='true',,,,,,153
acceptance,tR1,"hiu, ciu",,Initial Heat Meter Readings,,27.07,,number,"Initial Readings, Meter Return Temperature",What is current Return Temperature on the heat meter?,Press the button on the meter until it shows tR or tRtn.,°C,true,false,false,false,true,false,0,,,'{{checkHeatMeter}}'=='true',,,,,,154
acceptance,makeControl,unvented_cylinder,,Immersion Controls,,29.1,,text,Time Controller Make,What is the make of time controller for immersions?,,,true,false,false,false,true,false,0,,,true,,,,,,25
acceptance,modelControl,unvented_cylinder,,Immersion Controls,,29.11,,text,Time Controller Model,What is the model of time controller for immersions?,,,true,false,false,false,true,false,0,,,true,,,,,,26
acceptance,setupControllerTimes,unvented_cylinder,,Immersion Controls,,29.12,,boolean,Setup Times,Has the time control been setup with correct times?,,,true,false,false,false,true,false,0,,,true,,,,,,27
acceptance,settingImmersionStat,unvented_cylinder,,Immersion Controls,,29.13,,text,Temperature Setting of Immersion Heaters,What setting are the immersion heaters set to?,,,true,false,false,false,true,false,0,Immersion thermostat,,true,,,,,,28
acceptance,immersionsBothOn,unvented_cylinder,,Immersion Controls,,29.14,,boolean,Setup Times,Have both immersion heater been operated simultaneously?,,,true,false,false,false,true,false,0,,,true,,,,,,29
acceptance,pCWS,"unvented_cylinder, hiu",,Mains Pressure Systems,,30,,text,Incoming Cold Water Pressure,What is the pressure of the incoming mains cold water?,,,true,false,false,false,true,false,0,,,true,,,,,,30
acceptance,locationCombiValve,unvented_cylinder,,Mains Pressure Systems,,31,,text,Position of Combination Valve,Where is the combination valve located?,,,true,false,false,false,true,false,0,,,true,Next to cylinder,,,,,31
acceptance,cleanCombiValve,unvented_cylinder,,Mains Pressure Systems,,32,,boolean,Clean Combination Valve,Has the strainer within the combination valve been cleaned of debris?,,,true,false,false,false,true,false,0,,,true,true,,,,,32
acceptance,flushedCylinder,unvented_cylinder,,Unvented Systems,,32.5,,boolean,Hot water cylinder drained and flushed,Has the hot water cylinder been drained and flushed of all debris?,,,true,false,false,false,true,false,0,,,true,,,,,,62
acceptance,safeCylinderInstall,unvented_cylinder,,Unvented Systems,,33,,boolean,Installed Safe and Secure,Is the unvented cylinder installed in a manner where it is safe and secure?,,,true,false,false,false,true,false,0,,,true,true,,,,,33
acceptance,safetyControlsInstall,unvented_cylinder,,Unvented Systems,,34,,boolean,Installed Safety Controls Correctly,Have the temperature and pressure relief and expansion valves been installed as per manufacturers instructions?,,,true,false,false,false,true,false,0,,,true,true,,,,,34
acceptance,tundishInstall,unvented_cylinder,,Unvented Systems,,35,,boolean,Tundish Installed Vertical in Space,Is the Tundish installed vertically and within same space as cylinder?,,,true,false,false,false,true,false,0,,,true,true,,,,,35
acceptance,lengthD1,unvented_cylinder,,Unvented Systems,,36,,number,Length of D1 discharge pipework,What is the length of D1 discharge pipework in mm ?,,,true,false,false,false,true,false,0,,,true,400mm,{{lengthD1}}<600,,,,36
acceptance,lengthD1Below600,unvented_cylinder,,Unvented Systems,,37,,boolean,D1 Length Below 600mm,Is the D1  length below 600mm in total?,,,true,false,false,false,true,false,0,,,true,true,,,,,37
acceptance,lengthD2,unvented_cylinder,,Unvented Systems,,38,,number,Length of D2 discharge pipework,What is the length of D2 discharge pipework in mm ?,,,true,false,false,false,true,false,0,,,true,2m,,,,,38
acceptance,lengthD2Drop300,unvented_cylinder,,Unvented Systems,,39,,passfail,D2 Length 300mm Before Elbow,Is there a minimum of 300mm D2 length before first elbow?,,,true,false,false,false,true,false,0,,,true,true,,,,,39
acceptance,trapInstall,unvented_cylinder,,Unvented Systems,,40,,boolean,Waterless Waste Trap Vertical,Is the waterless waste trap installed vertically?,,,true,false,false,false,true,false,0,,,true,true,,,,,40
acceptance,supportD2,unvented_cylinder,,Unvented Systems,,41,,boolean,D2 Pipework Clipped at 300mm,Is D2 pipework clipped at intervals of 300mm?,,,true,false,false,false,true,false,0,,,true,true,,,,,41
acceptance,rechargedExpansion,unvented_cylinder,,Unvented Systems,,42,,boolean,Cylinder internal expansion recharged,Has the Cylinder internal expansion been recharged?,,,true,false,false,false,true,false,0,,,true,,,,,,42
acceptance,isToilet,"bathroom, ensuite, wc",,"Bathroom, {{device}}",,45,,boolean,Bathroom fitted with toilet,Is there a toilet in bathroom {{device}} ?,,,false,false,false,false,true,false,0,,,true,,,,,,249
acceptance,tmvBasin,bathroom,,Bathroom Basin,,48,,boolean,Bathroom Basin TMV,Is the bathroom basin fitted with a TMV?,,,false,false,false,false,true,false,0.5,,,true,,,,,,247
acceptance,tmvBasinLocation,bathroom,,Bathroom Basin,,49,,text,Bathroom Basin TMV Location,What is the location of the bathroom basin TMV?,,,true,false,false,false,true,false,0,,,'{{tmvBasin}}'=='true',,,,,,49
acceptance,tmvBasinMakeModel,bathroom,,Bathroom Basin,,50,,text,Bathroom Basin TMV Make and Model,What is the Make and Model of the bathroom basin TMV?,,,true,false,false,false,true,false,0,,,'{{tmvBasin}}'=='true',,,,,,50
acceptance,tmvBasinType,bathroom,,Bathroom Basin,,51,,text,Bathroom Basin TMV Certification Scheme,What is the Certificate Scheme of the bathroom basin TMV?,,,true,false,false,false,true,false,0,,,'{{tmvBasin}}'=='true',,,,,,51
acceptance,tDHWBasin,bathroom,,Bathroom Basin,,52,,number,Bathroom Basin Tap Temperature,What is the temperature of the bathroom basin hot tap after 2 minutes?,A temperature probe is required for this step. Leave tap running for next stages. The target temperature is 41°C.,°C,true,false,false,false,true,false,2,,,true,,,,,,52
acceptance,tDHWBasinMaintained,bathroom,,Bathroom Basin,,53,,passfail,Bathroom Basin Tap Temperature Maintained,Is the temperature of the bathroom basin hot tap steady?,,,true,false,false,false,true,false,1,,,true,,,,,,53
acceptance,fDHWBasin,bathroom,,Bathroom Basin,,54,,number,Bathroom Basin Tap Flow Rate,"What is the flow rate of the bathroom basin tap with hot fully open, in litres/minute?",A wier cup is required for this step.,ltr/min,true,false,false,false,true,false,0.5,,,true,,,,,,54
acceptance,failsafeBasin,bathroom,,Bathroom Basin,,55,,passfail,Bathroom Basin Tap Fail Safe,Does the bathroom basin tap fail safe when CWS is isolated?,,,true,false,false,false,true,false,1,,,'{{tmvBasin}}'=='true',,,,,,55
acceptance,p1,hiu,,System Checks,,60.021,,number,"Initial Readings, Static Primary Flow Pressure","Please measure and record the primary pressure in bar, in the flow.",This will require a digital manometer.,bar,true,false,false,false,true,false,1,,,'{{checkTestPoints}}'=='true',,,,,,239
acceptance,p2,hiu,,System Checks,,60.022,,number,"Initial Readings, Static Primary Return Pressure","Please measure and record the primary pressure in bar, in the return.",This will require a digital manometer.,bar,true,false,false,false,true,false,1,,,'{{checkTestPoints}}'=='true',,,,,,238
acceptance,dp1,hiu,,System Checks,,60.03,,number,"Initial Readings, Differential Pressure",Please measure and record the primary differential pressure in kPa.,This will require a digital manometer. <br>1 bar = 100 kPa.,kPa,true,false,false,false,true,false,0,Testo DP Readings,,'{{p1}}'!='' && '{{p2}}'!='',{{dp1calc}},,,,,155
acceptance,pHTG1,hiu,,System Checks,,60.04,,number,"Initial Readings, Central Heating Pressure",What is the central heating pressure?,Please read from available pressure gauge.,bar,true,false,false,false,true,false,0.5,,,'{{typeHTG}}'=='PHEx',,{{pHTG1}}>0 && {{pHTG1}}<3,,,,156
acceptance,checkFLoop1,hiu,,System Checks,,60.05,,passfail,Check Filling Loop,Please confirm the central heating filling loop is functional.,Is an adapter fitted to the HIU filling connection for the filling loop?,,true,false,false,false,true,false,0.5,,,'{{typeHTG}}'=='PHEx',,,,,,157
acceptance,checkPumpOff,hiu,,System Checks,,60.1,,boolean,Check Pump Off,Please confirm the central heating pump is turned off.,,,true,false,false,false,true,false,0,,,'{{pumpHTG}}'=='Fitted',,,,,,158
acceptance,makePump,hiu,,System Checks,,60.11,,text,Pump Make,Please enter the make of the central heating pump.,,,true,false,false,false,true,false,0.5,,,'{{pumpHTG}}'=='Fitted',,,,,,159
acceptance,modelPump,hiu,,System Checks,,60.12,,text,Pump Model,Please enter the model of the central heating pump.,,,true,false,false,false,true,false,0,,,'{{pumpHTG}}'=='Fitted',,,,,,160
acceptance,serialPump,hiu,,System Checks,,60.13,,text,Pump Serial Number,Please enter the serial number of the central heating pump.,,,true,false,false,false,true,false,0,,,'{{pumpHTG}}'=='Fitted',,,,,,161
acceptance,pumpFree,hiu,,System Checks,,60.131,,passfail,Pump Free and Bled,Please confirm the pump moves freely and is bled of air.,,,false,false,false,false,true,false,1,,,'{{pumpHTG}}'=='Fitted',,,,,,251
acceptance,programmerDateTimeCorrect,hiu,,System Checks,,60.14,,passfail,Check Programmer Times,"Please confirm the programmer date and time settings are correct, adjusting as necessary.",,,true,false,false,false,true,false,3,,,'{{typeHTG}}'!='None',,,,,,162
acceptance,primaryStrainerClean,hiu,,System Checks,,60.145,,passfail,Primary Strainer Clean,Is the primary strainer clean?,,,false,false,false,false,true,false,5,,,true,,,,,,252
acceptance,bleedHIU,hiu,,System Checks,,60.15,,select,Bleed air from HIU,Bleed air out of HIU heat exchangers using points provided.,Refer to HIU instructions. <br><br><img src='https://heatweb.b-cdn.net/sites/eon/wb_hiu_schematic.png' style='max-width:99%'>,,true,false,false,false,true,false,2,,,'{{productGroup}}'=='Worcester Bosch',,,,"[{""title"":""Done"",""value"":""Done""},{""title"":""Not Possible"",""value"":""Not Possible""}]",,163
acceptance,settingDPCV,hiu,,System Checks,,60.2,,text,DPCV Setting,What is the setting on the DPCV Valve?,Primary Differential Pressure Control Valve,,true,false,false,false,true,false,1,DPCV Setting,,'{{productGroup}}'.indexOf('SAV')>-1 || '{{productGroup}}'.indexOf('Worcester')>-1,,,,,,233
acceptance,ufhOverheatStatTested,hiu,,System Checks,,60.3,,passfail,UFH Overheat Tested,Test the UFH overheat thermostat turns off heating when it is turned down until it clicks.,,,true,false,false,false,true,false,3,,,'{{typeEmitter}}'=='underfloor' || '{{typeEmitter}}'=='mixed',,,,,,240
acceptance,ufhOverheatStatFitted,hiu,,System Checks,,60.31,,passfail,UFH Overheat Fitted,Ensure the overheat thermostat is set to 55°C and securely fixed to pipework.,,,true,false,false,false,true,false,2,Overheat Thermostat,,'{{typeEmitter}}'=='underfloor' || '{{typeEmitter}}'=='mixed',,,,,,241
acceptance,pHTG2,hiu,,Initial Fixes,,61,,number,Top-up Heating Pressure,Top up the central heating pressure to 2 bar. Record pressure below.,Use the provided filling loop.,bar,true,false,false,false,true,false,3,,,('{{typeHTG}}'=='PHEx') && ({{pHTG1}}<1.5),,,,,,166
acceptance,hiuParameters,hiu,,HIU Parameters,HIU Parameters,62.1,,sheet,HIU Parameters,"Check HIU paramaters match the defaults below, and adjust where neccessary.","Add, edit and copy down lines as with a normal spreadsheet. Right click for further actions including deleting lines.",,true,false,true,false,true,false,5,,,'{{productGroup}}'=='Worcester Bosch',"[{""designSet"":"""",""parameter"":""3"",""factorySet"":""25°C"",""description"":""Start temperature Slab drying (slow warm up function).""},{""designSet"":"""",""parameter"":""8"",""factorySet"":""30°C"",""description"":""Factory set temperature for Under Floor Heating UFH).""},{""designSet"":"""",""parameter"":""9"",""factorySet"":""60°C"",""description"":""Factory set temperature for Radiators heating.""},{""designSet"":"""",""parameter"":""11"",""factorySet"":""20°C"",""description"":""Set minimum temperature for Under Floor Heating (UFH).""},{""designSet"":"""",""parameter"":""12"",""factorySet"":""40°C"",""description"":""Set maximum temperature for Under Floor Heating (UFH).""}]",,,,"[{""name"":""parameter"",""type"":""text"",""title"":""ID"",""width"":""100""},{""name"":""description"",""type"":""text"",""title"":""Description"",""width"":""400"",""wordWrap"":true},{""name"":""factorySet"",""type"":""text"",""title"":""Factory Setting"",""width"":""120""},{""name"":""designSet"",""type"":""text"",""title"":""Design Setting"",""width"":""120""}]",164
acceptance,checkParameters,hiu,,HIU Parameters,,62.11,,select,Paramaters Adjusted,Are all paramaters adjusted to design?,,,true,false,false,false,true,false,1,,,true,,,,"[{""title"":""Yes"",""value"":""Yes""},{""title"":""No"",""value"":""No""}]",,165
acceptance,soilDurgosVentilated,plot,cc,Soil Waste,,67,,boolean,DURGOS VENTILATED,DURGOS VENTILATED,,,true,false,false,false,true,false,0,,,true,,,,,,66
acceptance,soilAccessGapsOK,plot,cc,Soil Waste,,67.1,,boolean,ACCESS GAPS SECURE AND ACCESSIBLE,ACCESS GAPS SECURE AND ACCESSIBLE?,,,true,false,false,false,true,false,0,,,true,,,,,,64
acceptance,soilDurgos110,plot,cc,Soil Waste,,67.11,,boolean,DURGOS 110MM DB20,DURGOS 110MM DB20,,,true,false,false,false,true,false,0,,,true,,,,,,65
acceptance,flusherCheckedToilet,plot,cc,Toilets,,68,,passfail,FLUSHERS CHECKED,FLUSHERS CHECKED,,,true,false,false,false,true,false,0,,,true,,,,{},{},67
acceptance,connectorCheckedToilet,plot,cc,Toilets,,68.1,,boolean,FLUSH PIPE/ SOIL PAN CONNECTOR CHECKED,FLUSH PIPE/ SOIL PAN CONNECTOR CHECKED,,,true,false,false,false,true,false,0,,,true,,,,,,68
acceptance,isolationCheckedToilet,plot,cc,Toilets,,68.2,,boolean,ISOLATION VALVE CHECKED,ISOLATION VALVE CHECKED,,,true,false,false,false,true,false,0,,,true,,,,,,69
acceptance,tCWS,kitchen,cc,Kitchen,,70.1,,number,Kitchen Tap Cold Temperature,What is the temperature of the kitchen cold tap after running for 1 minute?,,°C,true,false,false,false,true,false,0,,,true,,,,,,43
acceptance,tapTime50C,unvented_cylinder,cc,Kitchen,,70.11,,number,"DHW Readings, Time for Kitchen Tap to reach 50°C",Start the kitchen tap at the same time as a stopwatch. <br><br>Time how long it takes for the tap temperature to reach 50°C?,A stopwatch and temperature probe are required for this step.,seconds,true,false,false,false,true,false,2,,,true,,,,,,44
acceptance,tDHW,kitchen,cc,Kitchen,,70.12,,number,"DHW Readings, Kitchen Tap Temperature",What is the temperature of the kitchen hot tap after 2 minutes?,A temperature probe is required for this step. Leave tap running for next stages. The target temperature is {{tSetpointDHW}}°C.,°C,true,false,false,false,true,false,1,,,true,,Math.abs({{tDHW}}-{{tSetpointDHW}}) <= {{tTolerance}},,,,45
acceptance,fDHW,kitchen,cc,Kitchen,,70.13,,number,"DHW Readings, Kitchen Tap Flow Rate","What is the flow rate of the kitchen tap with hot fully open, in litres/minute?",A wier cup is required for this step.,ltr/min,true,false,false,false,true,false,1,,,true,,({{fDHW}} >= 5) && ({{fDHW}} <= 9),"The tap flow rate is {{fDHW}} lpm, not 5 to 9 lpm.",,,46
acceptance,flowLimitKitchen,kitchen,cc,Kitchen,,70.14,,boolean,Flow Limiters Installed on Kitchen Tap,Have flow limiters been installed on the kitchen tap?,,,true,false,false,false,true,false,0,,,true,,,,,,47
acceptance,overflowKitchen,kitchen,cc,Kitchen,,70.15,,passfail,OVERFLOW TESTED,Overfill the sink at full tap flow and confirm the overflow is working.,,,true,false,false,false,true,false,3,,,true,,,,,,48
acceptance,hotColdCheckedKitchen,plot,cc,Kitchen,,71.11,,boolean,HOT AND COLD CHECKED,HOT AND COLD CHECKED,,,true,false,false,false,true,false,2,,,true,,,,,,73
acceptance,secureKitchen,plot,cc,Kitchen,,71.12,,passfail,Kitchen Sink Pedastal & Taps Secure,"BASIN, PEDESTAL, TAPS SECURE",,,true,false,false,false,true,false,0.5,,,true,,,,,,74
acceptance,connectionsCheckedBasin,plot,cc,Kitchen,,71.13,,boolean,APPLIANCE CONNECTIONS CHECKED,APPLIANCE CONNECTIONS CHECKED,,,true,false,false,false,true,false,1,,,true,,,,,,75
acceptance,hotColdCheckedBasin,bathroom,,Bathroom Basin,,72.1,,passfail,HOT AND COLD CHECKED,HOT AND COLD CHECKED,,,true,false,false,false,true,false,2,,,true,,,,,,70
acceptance,overflowBasin,bathroom,,Bathroom Basin,,72.2,,passfail,Bathroom Basin Overflow,Overfill the basin at full tap flow and confirm the overflow is working.,,,true,false,false,false,true,false,3,,,true,,,,,,71
acceptance,secureBasin,bathroom,,Bathroom Basin,,72.3,,passfail,Bathrom Basin Pedastal & Taps Secure,"BASIN, PEDESTAL, TAPS SECURE",,,true,false,false,false,true,false,0,,,true,,,,,,72
acceptance,hotColdCheckedShower,plot,cc,Shower,,78,,boolean,HOT AND COLD CHECKED,HOT AND COLD CHECKED,,,true,false,false,false,true,false,0,,,'{{isBath}}'=='false' || '{{isEnsuite1}}'=='true',,,,,,76
acceptance,showerTraySealed,plot,cc,Shower,,78.1,,passfail,TRAY / WASTE MASTIC SEALED,TRAY / WASTE MASTIC SEALED?,,,true,false,false,false,true,false,0,,,'{{isBath}}'=='false' || '{{isEnsuite1}}'=='true',,,,,,77
acceptance,showerEnclosureChecked,plot,cc,Shower,,78.2,,boolean,ENCLOSURE CHECKED FOR LEAKS,ENCLOSURE CHECKED FOR LEAKS,,,true,false,false,false,true,false,0,,,'{{isBath}}'=='false' || '{{isEnsuite1}}'=='true',,,,,,78
acceptance,hotColdCheckedBath,plot,cc,Baths,,79.1,,boolean,HOT AND COLD CHECKED,HOT AND COLD CHECKED,,,true,false,false,false,true,false,0,,,'{{isBath}}'=='true',,,,,,79
acceptance,secureBath,plot,cc,Baths,,79.2,,passfail,BATH AND TAPS SECURE,BATH AND TAPS SECURE,,,true,false,false,false,true,false,0,,,'{{isBath}}'=='true',,,,,,80
acceptance,limiterBathTap,bathroom,cc,Baths,,79.3,,text,Bath Tap Flow Restrictor,What type (colour) of flow restrictor is fitted into the bath tap?,,,true,false,false,false,true,false,0,,,'{{isBath}}'=='true',,,,,,56
acceptance,tDHWBath,bathroom,cc,Baths,,79.4,,number,Bath Tap Temperature,What is the peak temperature seen from the bath tap over 1 minute?,A temperature probe is required for this step. Turn off when finished.,°C,true,false,false,false,true,false,0,,,'{{isBath}}'=='true',,,,,,57
acceptance,fDHWBath,bathroom,cc,Baths,,79.5,,number,Bath Tap Flow Rate,"What is the flow rate of the bath tap with hot fully open, in litres/minute?",A wier cup is required for this step.,ltr/min,true,false,false,false,true,false,0,,,'{{isBath}}'=='true',,,,,,58
acceptance,overflowBath,bathroom,cc,Baths,,79.6,,passfail,Bath Overflow,Overfill the bath at full tap flow and confirm the overflow is working.,,,true,false,false,false,true,false,15,,,'{{isBath}}'=='true',,,,,,59
acceptance,testoFittedDHW,hiu,,DHW Response Test,,82.1,,select,Test sensors ready,Fit Testo Temperature sensors to: <br>1) the DHW Output from the HIU<br>2) the kitchen tap.,"Use a clamp-on probe on the HIU output, and ensure the tap sensor is retained or held in tap water throughout the following stages.",,true,false,false,false,true,false,0,,,'{{typeDHW}}'=='PHEx' && {{testoEnabled}},,,,"[{""title"":""Done"",""value"":""Done""}]",,167
acceptance,tColdHot,hiu,,DHW Response Test,,82.11,,number,DHW pipework cold prior to response time testing.,"Isolate the primary supply to the HIU, run the kitchen HOT tap for 3 minutes UNTIL COLD, and record the final tap temperature.",Re-open the primary supplies when completed. The time may be shortened if temperature has settled to extected values.,°C,true,false,false,false,true,false,4,,,'{{typeDHW}}'=='PHEx',,,,,,168
acceptance,tapTime45C,hiu,,DHW Response Test,,82.12,,number,Time for Kitchen Tap to reach 45°C,Start the kitchen tap at the same time as a stopwatch. <br><br>Time how long it takes for the tap temperature to reach 45°C?,A stopwatch and temperature probe are required for this step.,seconds,true,false,false,false,true,false,2,,,'{{typeDHW}}'=='PHEx',,{{tapTime45C}}<=45,"It takes the kitchen tap {{tapTime45C}} seconds to reach 45°C, longer than the required 45s.",,,169
acceptance,tap45in45,hiu,,DHW Response Test,,82.13,,passfail,DHW Response,Did the tap achieve 45C within 45 seconds?,,,true,false,false,false,true,false,0,,,'{{typeDHW}}'=='PHEx' && '{{tapTime45C}}'!='',,,,,,170
acceptance,tDHW1,hiu,,DHW Response Test,,82.14,,number,Kitchen Tap Temperature,What is the temperature of the kitchen tap after 3 minutes?,A temperature probe is required for this step. Leave tap running for next stages. The target temperature is {{tSetpointDHW}}°C.,°C,true,false,false,false,true,false,3,,,'{{typeDHW}}'=='PHEx',,Math.abs({{tDHW1}}-{{tSetpointDHW}}) <= {{tTolerance}},,,,171
acceptance,tDHW2,hiu,,DHW Response Test,,82.15,,boolean,Adjusted Kitchen Tap Temperature,Please adjust the DHW temperature setting in the HIU until the tap temperature is {{tSetpointDHW}}°C +/- {{tTolerance}}°C. Adjust previous answer accordingly.,Leave tap running for next stages.,°C,true,false,false,false,true,false,2,,,'{{passfail_tDHW}}'=='false',,,,,,172
acceptance,m3hDHW1,hiu,,"Meter Readings, Low DHW Flow",,82.51,,number,"DHW Readings, Meter Flow Rate",What is Flow Rate / Volume Flow on the heat meter?,Press the button on the meter until it shows m3h or m3/h.,m3/h,true,false,false,false,true,false,1,,,'{{tDHW1}}' != '' && '{{checkHeatMeter}}'=='true',,,,,,173
acceptance,kwDHW1,hiu,,"Meter Readings, Low DHW Flow",,82.52,,number,"DHW Readings, Meter Power",What is current Power (kW) on the heat meter?,Press the button on the meter until it shows kW.,kW,true,false,false,false,true,false,0,,,'{{tDHW1}}' != '' && '{{checkHeatMeter}}'=='true',,,,,,174
acceptance,tFDHW1,hiu,,"Meter Readings, Low DHW Flow",,82.53,,number,"DHW Readings, Meter Flow Temperature",What is current Flow Temperature on the heat meter?,Press the button on the meter until it shows tF or tFlow.,°C,true,false,false,false,true,false,0,,,'{{tDHW1}}' != '' && '{{checkHeatMeter}}'=='true',,,,,,175
acceptance,tRDHW1,hiu,,"Meter Readings, Low DHW Flow",,82.54,,number,"DHW Readings, Meter Return Temperature",What is current Return Temperature on the heat meter?,Press the button on the meter until it shows tR or tRtn.  Leave the tap running.,°C,true,false,false,false,true,false,0,,,'{{tDHW1}}' != '' && '{{checkHeatMeter}}'=='true',,,,,,176
acceptance,runDHWPeak,hiu,,DHW Peak Test,,83,,select,Run Peak DHW,"In addition to the kitchen tap, turn on the main shower to full output on the hottest setting.",This is to simulate peak load.,,true,false,false,false,true,false,1,,,'{{typeDHW}}'=='PHEx',,,,"[{""title"":""Done"",""value"":""Done""}]",,177
acceptance,tDHWShower,hiu,,DHW Peak Test,,83.05,,number,"DHW Readings, Shower Output Temperature",What is the temperature at the shower head?,A temperature probe is required for this step. Leave taps running for next stages.,°C,true,false,false,false,true,false,0.5,,,'{{typeDHW}}'=='PHEx',,,,,,178
acceptance,tDHWPeak,hiu,,DHW Peak Test,,83.1,,number,"DHW Readings, Peak Output Temperature",What is the temperature at the kitchen tap?,A temperature probe is required for this step. Leave taps running for next stages.,°C,true,false,false,false,true,false,0.5,,,'{{typeDHW}}'=='PHEx',,,,,,179
acceptance,m3hDHWPeak,hiu,,DHW Peak Test,,83.2,,number,"DHW Readings, Meter Flow Rate",What is Flow Rate / Volume Flow on the heat meter?,Press the button on the meter until it shows m3h or m3/h.,m3/h,true,false,false,false,true,false,0,,,'{{typeDHW}}'=='PHEx' && '{{checkHeatMeter}}'=='true',,,,,,180
acceptance,kwDHWPeak,hiu,,DHW Peak Test,,84,,number,"DHW Readings, Meter Power",What is current Power (kW) on the heat meter?,Press the button on the meter until it shows kW.,kW,true,false,false,false,true,false,0,,,'{{typeDHW}}'=='PHEx' && '{{checkHeatMeter}}'=='true',,,,,,181
acceptance,tFDHWPeak,hiu,,DHW Peak Test,,85,,number,"DHW Readings, Meter Flow Temperature",What is current Flow Temperature on the heat meter?,Press the button on the meter until it shows tF or tFlow.,°C,true,false,false,false,true,false,0,,,'{{typeDHW}}'=='PHEx' && '{{checkHeatMeter}}'=='true',,{{tFDHWPeak}}>{{tSetpointDHW}}+3,,,,182
acceptance,tRDHWPeak,hiu,,DHW Peak Test,,86,,number,"DHW Readings, Meter Return Temperature",What is current Return Temperature on the heat meter?,Press the button on the meter until it shows tR or tRtn.,°C,true,false,false,false,true,false,0,,,'{{typeDHW}}'=='PHEx' && '{{checkHeatMeter}}'=='true',,{{tRDHWPeak}}<=30,,,,183
acceptance,dpDHWPeak,hiu,,DHW Peak Test,,87,,number,"DHW Readings, Differential Pressure",Please measure and record the primary differential pressure in kPa.,This will require a digital manometer.,kPa,true,false,false,false,true,false,1,Testo DP Readings,,'{{checkTestPoints}}'=='true',,,,,,184
acceptance,allOff2,hiu,,DHW Peak Test,,88,,select,Check All Off,Please turn off all hot water outlets.,,,true,false,false,false,true,false,0,,,'{{typeDHW}}'=='PHEx',,,,"[{""title"":""Done"",""value"":""Done""}]",,185
acceptance,tDHWBath,hiu,,Bath Mixer Test,,90.1,,number,"DHW Readings, Bath Output Temperature",What is the peak temperature seen from the bath tap over 1 minute?,A temperature probe is required for this step. Turn off when finished.,°C,true,false,false,false,true,false,2,,,'{{isBath}}'=='true',,,,,,186
acceptance,allOff2b,hiu,,Bath Mixer Test,,90.2,,select,Check Bath Off,Please turn off bath tap.,,,true,false,false,false,true,false,0,,,'{{isBath}}'=='true',,,,"[{""title"":""Done"",""value"":""Done""}]",,187
acceptance,allOff2b,unvented_cylinder,,Bath Mixer Test,,90.3,,select,Check Bath Off,Please turn off bath tap.,,,true,false,false,false,true,false,0,,,'{{isBath}}'=='true',,,,"[{""title"":""Done"",""value"":""Done""}]",,63
acceptance,lphPeak,hiu,,DPCV Setup,,91.08,,number,Peak HTG Primary Flow Rate (litres per hour),What is the Peak Primary Flow Rate the AVPL is set for?,,ltr/h,true,false,false,false,true,false,0,,,'{{productGroup}}'.indexOf('SAV')>-1,,,,,,232
acceptance,runHTGDP,hiu,,DPCV Setup,,91.09,,boolean,Run Central Heating,Turn on heating or open primary HTG valve.,"If the red clip is fitted, or aactuator head removed, then there is no need to power up heating.",,true,false,false,false,true,false,1,,,'{{typeHTG}}'!='None' && '{{typeHTG}}'!='',,,,,,244
acceptance,adjustedDPCV,hiu,,DPCV Setup,,91.5,,boolean,DPCV Adjusted to Design Flowrate,Adjust the DPCV valve from minimum setting until the heat meter displays a flow rate of at least {{m3hHTGDesign}} m3/h. Record the flow rate in the comment box.,,,true,false,false,false,true,false,2,,,'{{typeHTG}}'!='None' && '{{typeHTG}}'!='',,,,,,245
acceptance,checkTRVs,hiu,,HTG Test,,92.01,,select,TRVs Adjusted,Are all TRVs adjusted to design?,,,true,false,false,false,true,false,15,,,'{{typeEmitter}}'=='radiators' || '{{typeEmitter}}'=='mixed',,,,"[{""title"":""Yes"",""value"":""Yes""},{""title"":""No"",""value"":""No""},{""title"":""Not Checked"",""value"":""Not Checked""},{""title"":""No Design Data"",""value"":""No Design Data""}]",,188
acceptance,proveStatsMatchZones,hiu,,HTG Test,,92.1,,passfail,Check each room stat controls the correct zones.,Check each room stat controls the correct zones.,"This may take a few minutes.  Start will all zones turned off. One zone at a time, locate the appropriate room thermostat and increase temperature until there is demand.",,false,false,false,false,true,false,4,,,'{{typeEmitter}}'=='underfloor' || '{{typeEmitter}}'=='mixed',,,,,,303
acceptance,runHTG,hiu,,HTG Test,,92.1,,select,Run Central Heating,Turn up all room thermostats and TRVs to maximum.,This is to simulate peak load.,,true,false,false,false,true,false,0,,,'{{typeEmitter}}'=='radiators',,,,"[{""title"":""Done"",""value"":""Done""}]",,189
acceptance,pumpSpeedHTG,hiu,,HTG Test,,93,,text,Pump Speed,Check that the heating pump starts and enter the speed setting below.,"Please include any additional settings such as Proportional or Fixed Head, and any units.",,true,false,false,false,true,false,0,,,'{{pumpHTG}}'=='Fitted',,,,,,190
acceptance,proveFlowToZones,hiu,,HTG Test,,94,,passfail,Flow to all UFH zones,Check that all the underfloor heating manifold actuators open.,With all thermostats calling there should be flow to all zones.,,true,false,false,false,true,false,2,,,'{{typeEmitter}}'=='underfloor' || '{{typeEmitter}}'=='mixed',,,,,,191
acceptance,ufhFlowRates,hiu,,HTG Test,,94.1,,textarea,Underfloor Heating Zone Flow Rates,Please record the flow rates for each UFH Zone.,Ensure that they are set to design requirements as per drawing <a href='{{ufhLayoutFolder}}/{{ufhLayouts}}.pdf' target='_blank'>{{ufhLayouts}}</a>.,,true,false,false,false,true,false,15,,,'{{typeEmitter}}'=='underfloor' || '{{typeEmitter}}'=='mixed',,,,,,237
acceptance,trvPresets,hiu,,HTG Test,HIU Parameters,94.15,,sheet,Radiator Return Temperatures,Record the flow and return temperatures and TRV pre-settings for each radiator below.,"Add, edit and copy down lines as with a normal spreadsheet. Right click for further actions including deleting lines.",,true,false,false,false,true,false,5,,,'{{typeEmitter}}'=='radiators' || '{{typeEmitter}}'=='mixed',"[{""radiator"":""Living Room"",""presetting"":""""},{""radiator"":""Bedroom 1"",""presetting"":""""},{""radiator"":""Bedroom 2"",""presetting"":""""}]",,,,"[{""name"":""radiator"",""type"":""text"",""title"":""Radiator ID"",""width"":""180""},{""name"":""presetting"",""type"":""text"",""title"":""Setting"",""width"":""100""},{""name"":""tDrop"",""type"":""text"",""title"":""Temperature Drop [°C]"",""width"":""100""}]",199
acceptance,manualUFH,hiu,,HTG Test,,95,,text,UFH Manual Override,"Record below any known causes for zones not opening. To continue heating tests, manually loosen the manifold actuators to introduce flow.",Please add detail. Do not fully remove actuators if they are not clearly labelled.,,true,false,false,false,true,false,0,,,'{{allUFHZones}}'=='Some' || '{{allUFHZones}}'=='None',,,,,,192
acceptance,tHTGOut,hiu,,HTG Test,,97,,number,"HTG Readings, Tertiary Output Temperature","After 5 minutes from turn on, what is the temperature supplied from the HIU to heating?",The target temperature is {{tSetpointHTG}}°C. A temperature clamp is required for this step.,°C,true,false,false,false,true,false,5,,,'{{typeHTG}}'!='None' && '{{typeHTG}}'!='',,Math.abs({{tHTGOut}}-{{tSetpointHTG}}) <= {{tToleranceHTG}},,,,193
acceptance,tHTGRtn,hiu,,HTG Test,,97.1,,number,"HTG Readings, Tertiary Return Temperature","What is the peak temperature returning from the heating to the HIU, when it has stopped increasing?",A temperature clamp is required for this step.,°C,true,false,false,false,true,false,3,,,'{{typeHTG}}'!='None' && '{{typeHTG}}'!='',,{{tHTGRtn}}<=45,,,,194
acceptance,m3hHTGPeak,hiu,,HTG Test,,98,,number,"HTG Readings, Meter Flow Rate",What is Flow Rate / Volume Flow on the heat meter?,Press the button on the meter until it shows m3h or m3/h.,m3/h,true,false,false,false,true,false,0,,,'{{typeHTG}}'!='None' && '{{typeHTG}}'!='' && '{{checkHeatMeter}}'=='true',,,,,,195
acceptance,kwHTGPeak,hiu,,HTG Test,,99,,number,"HTG Readings, Meter Power",What is current Power (kW) on the heat meter?,"Press the button on the meter until it shows kW.  If the units are in MWh, please multiply by 1000 (move decimal 3 places right) to convert to KWh.",kW,true,false,false,false,true,false,0,,,'{{typeHTG}}'!='None' && '{{typeHTG}}'!='' && '{{checkHeatMeter}}'=='true',,,,,,196
acceptance,tFHTGPeak,hiu,,HTG Test,,100,,number,"HTG Readings, Meter Flow Temperature",What is current Flow Temperature on the heat meter?,Press the button on the meter until it shows tF or tFlow.,°C,true,false,false,false,true,false,0,,,'{{typeHTG}}'!='None' && '{{typeHTG}}'!='' && '{{checkHeatMeter}}'=='true',,{{tFHTGPeak}}>{{tSetpointHTG}}+3,,,,197
acceptance,tRHTGPeak,hiu,,HTG Test,,100.1,,number,"HTG Readings, Meter Return Temperature",What is current Return Temperature on the heat meter?,Press the button on the meter until it shows tR or tRtn.,°C,true,false,false,false,true,false,0,,,'{{typeHTG}}'!='None' && '{{typeHTG}}'!='' && '{{checkHeatMeter}}'=='true',,{{tRHTGPeak}}<=45,"The primary return temperature is {{tRHTGPeak}}°C during heating operation, above the 35°C limit.",,,198
acceptance,allOff3,hiu,,HTG Test,,100.3,,select,Check All Off,Please turn off central heating.,,,true,false,false,false,true,false,0,,,'{{typeHTG}}'!='None' && '{{typeHTG}}'!='',,,,"[{""title"":""Done"",""value"":""Done""}]",,200
acceptance,ciuCondition,ciu,,Cooling,,101.01,,passfail,CIU Condition,Is the CIU in satisfactory condition,,,false,false,false,false,true,false,1,CIU with casing off,,true,,,,,,305
acceptance,pCHWFinal,ciu,,Cooling,,101.02,,number,Cooling System Pressure,Top up the pressure in the cooling system to between 1.5 and 2.0 and record final value here,,,false,false,false,false,true,false,3,,,true,,{{pCHWFinal}}>=1.5 && {{pCHWFinal}}<=2.5,,,,306
acceptance,coolingOperation,ciu,,Cooling,,101.03,,passfail,Cooling Operation,"Does the CIU turn on when setpoint temperatures are lowered, and off when setpoints are raised?",Setpoints for all zones may need to be changed.,,false,false,false,false,true,false,5,,,true,,,,,,307
acceptance,ciuDataPlate,ciu,,Cooling,,101.4,,passfail,Data Plate,Take a clear photo of the CIU data plate,,,false,false,false,false,true,false,1,Data plate,,true,,,,,,308
acceptance,settingIHPT,hiu,cc,Final Checks,,102.1,,number,IPHT Setting,What is the setting on the IHPT Valve?,,,true,false,false,false,true,false,0.5,IPHT Setting,,'{{productGroup}}'.indexOf('IHPT')>-1,,,,,,228
acceptance,settingRAVK,hiu,cc,Final Checks,,102.1,,number,RAVK (Htg) Setting,What is the setting on the RAVK Htg Valve?,,,true,false,false,false,true,false,0.5,RAVK Setting,,'{{productGroup}}'.indexOf('RAVK')>-1,,,,,,231
acceptance,kwhFinal,hiu,cc,Final Checks,,103,,number,Final Meter Reading and Photo,What is current Energy (kWh) reading on the heat meter?,"Press the button on the meter until it shows kWh or MWh.  If the units are in MWh, please multiply by 1000 (move decimal 3 places right) to convert to KWh.",kWh,true,false,false,false,true,false,0.5,Meter Serial & Final kWh,,'{{checkHeatMeter}}'=='true',,,,,,243
acceptance,pHTGFinal,hiu,cc,Final Checks,,104,,number,Final Central Heating Pressure,Top up the central heating pressure to between 1.5 & 2.0 Bar and record the pressure below.,Please read from pressure gauge.,bar,true,false,false,false,true,false,1,HTG Pressure Gauge,,'{{typeHTG}}'=='PHEx',,{{pHTGFinal}}>= ({{pHTGMin}}>0?{{pHTGMin}}:1.5) && {{pHTGFinal}}<=2.5,,,,201
acceptance,m3WaterMeter,plot,cc,Final Checks,,104.05,,number,Cold Water Meter Reading,What is the current reading of the Cold Water Meter?,,m3,true,false,false,false,true,false,5,,,true,,,,,,61
acceptance,serialWaterMeter,plot,cc,Final Checks,,104.06,,text,Cold Water Meter Serial Number,What is the serial number of the Cold Water Meter?,,,true,false,false,false,true,false,0,Water Meter Serial,,true,,,,,,60
acceptance,serialBilling,hiu,cc,Final Checks,,104.07,,text,Metering Home Display Serial Number,What is the serial number of the Metering Home Display?,,,false,false,false,false,true,false,1,Home Display kWh,,false,,,,,,253
acceptance,labelsFitted,"unvented_cylinder, hiu",cc,Final Checks,,104.1,,passfail,COMMISSIONING LABELS,HAVE THE COMMISSIONING LABELS BEEN INSTALLED?,,,true,false,false,false,true,false,12,Labels,,true,,,,,,81
acceptance,stickerFitted,unvented_cylinder,cc,Final Checks,,104.11,,passfail,INSTALLATION STICKER,HAS THE INSTALLATION STICKER BEEN INSTALLED?,,,true,false,false,false,true,false,3,Cylinder Sticker,,true,,,,,,82
acceptance,benchmarkCompleted,unvented_cylinder,cc,Final Checks,,104.12,,boolean,CYLINDER BENCHMARK FORM BEEN COMPLETED,HAS THE ELECTRONIC CYLINDER BENCHMARK FORM BEEN COMPLETED?,,,true,false,false,false,true,false,0,,,true,,,,,,83
acceptance,allStrainersCleaned,"unvented_cylinder, hiu",cc,Final Checks,,104.13,,passfail,All Strainers Cleaned,Have all strainers been cleaned?,,,true,false,false,false,true,false,0,,,true,,,,,,84
acceptance,htgControlsChecked,"unvented_cylinder, hiu",cc,Final Checks,,104.14,,passfail,Heating Controls Checked,Have the heating controls been checked?,,,true,false,false,false,true,false,15,,,true,,,,,,85
acceptance,radsAndTowelRailsWorking,"unvented_cylinder, hiu",cc,Final Checks,,104.15,,passfail,Rads and Towel Rails Working,Are all radiators and towe rails working?,,,true,false,false,false,true,false,0,,,true,,,,,,86
acceptance,washingMachineWasteChecked,plot,cc,Final Checks,,104.16,,passfail,Washing Machine Waste Pipe Checked,Has the washing machine waste pipe been checked?,,,true,false,false,false,true,false,1,,,true,,,,,,87
acceptance,trapChecked,plot,cc,Final Checks,,104.17,,passfail,Trap Checked,Has the trap been checked and tight?,,,true,false,false,false,true,false,1,,,true,,,,,,88
acceptance,wastePipeFloodTested,plot,cc,Final Checks,,104.18,,passfail,Waste Pipe Flood Tested,Has the waste pipe been flood tested and is working?,,,true,false,false,false,true,false,0,,,true,,,,,,89
acceptance,mvhrWorking,plot,cc,Final Checks,,104.19,,passfail,MVHR Working,Is the MVHR unit working?,,,true,false,false,false,true,false,1,,,true,,,,,,90
acceptance,mvhrVentsFitted,plot,cc,Final Checks,,104.2,,passfail,MVHR Ceiling Vente Fitted,Are the MVHR ceiling vents fitted?,,,true,false,false,false,true,false,1,,,true,,,,,,91
acceptance,fcuWorking,ciu,cc,Final Checks,,104.201,,passfail,FCU Working,Are the FCUs working as expected?,,,false,false,false,false,true,false,5,,,true,,,,,,304
acceptance,manualsHandedOver,plot,cc,Final Checks,,104.21,,boolean,Manuals and Certificates Handed to Client,Have all the manuals and certificates been handed to the client?,,,true,false,false,false,true,false,0,,,true,,,,,,92
acceptance,allAppliancesCommissioned,plot,cc,Final Checks,,104.22,,passfail,All Appliances Commissioned,Have all appliances been commissioned?,,,true,false,false,false,true,false,1,,,true,,,,,,93
acceptance,allLabelsAttached,plot,cc,Final Checks,,104.23,,passfail,All Labels Attached,Have all labels been attached?,,,true,false,false,false,true,false,2,,,true,,,,,,94
acceptance,indexTap3Bar,unvented_cylinder,cc,Final Checks,,104.24,,boolean,PRV set for 3 bar at Index Tap,Have the PRV been adjusted to provide 3 bar at the index tap?,,,true,false,false,false,true,false,0,,,true,,,,,,95
acceptance,checkFLoop2,hiu,cc,Final Checks,,105,,select,Filling Loop Disconnected & Capped,Please confirm the central heating filling loop is disconnected and capped.,,,true,false,false,false,true,false,0,HTG Filling Loop,,'{{typeHTG}}'=='PHEx',,,,"[{""title"":""Disconnected & Capped"",""value"":""OK""},{""title"":""Disconnected, Not Capped"",""value"":""Uncapped""},{""title"":""Left Connected"",""value"":""Left Connected""}]",,202
acceptance,refitCasing,hiu,cc,Final Checks,,106,,select,Refit Casing,Please refit the HIU casing.,,,true,false,false,false,true,false,3,HIU casing on,,true,,,,"[{""title"":""Done"",""value"":""Done""}]",,203
acceptance,spares,hiu,,Notes,,108,,sheet,Spare Parts,Spare Parts Used and Required,"Add, edit and copy down lines as with a normal spreadsheet. Right click for further actions including deleting lines.",,true,false,false,false,true,false,0,,,true,"[{""qtyUsed"":""0"",""sparesCode"":""HM-DN15"",""sparesNote"":"""",""qtyRequired"":""0"",""sparesDescription"":""Heat Meter DN15 110mm""},{""qtyUsed"":""0"",""sparesCode"":""HM-DN20"",""sparesNote"":"""",""qtyRequired"":""0"",""sparesDescription"":""Heat Meter DN20 130mm""}]",,,,"[{""name"":""sparesCode"",""type"":""text"",""title"":""Part Code"",""width"":""120""},{""name"":""sparesDescription"",""type"":""text"",""title"":""Description"",""width"":""250""},{""name"":""qtyUsed"",""type"":""text"",""title"":""Quantity Used"",""width"":""100""},{""name"":""qtyRequired"",""type"":""text"",""title"":""Quantity Required"",""width"":""100""},{""name"":""sparesNote"",""type"":""text"",""title"":""Notes"",""width"":""200""}]",205
acceptance,issueN1,"hiu,ciu",,Notes,,150,site,textarea,Network Wide Issue 1,Network Issue affecting all systems. Please add details of problem.,This will appear in all forms for all properties.,,false,false,true,false,true,false,0,Network Issue 1,,true,,,,,,250
acceptance,issue1,plot,,Notes,,151,,textarea,Issue 1,Issue 1. Please add details of problem.,,,false,false,false,false,true,false,0,Issue 1,Comment when Comleted,true,,'{{issue1_comment}}'!='',,,,208
acceptance,issue2,plot,,Notes,,152,,textarea,Issue 2,Issue 2. Please add details of problem.,,,false,false,false,false,true,false,0,Issue 2,Comment when Comleted,true,,'{{issue2_comment}}'!='',,,,209
acceptance,issue3,plot,,Notes,,153,,textarea,Issue 3,Issue 3. Please add details of problem.,,,false,false,false,false,true,false,0,Issue 3,Comment when Comleted,true,,'{{issue3_comment}}'!='',,,,215
acceptance,issue4,plot,,Notes,,154,,textarea,Issue 4,Issue 4. Please add details of problem.,,,false,false,false,false,true,false,0,Issue 4,Comment when Comleted,'{{issue1}}'!='',,'{{issue4_comment}}'!='',,,,214
acceptance,issue5,plot,,Notes,,155,,textarea,Issue 5,Issue 5. Please add details of problem.,,,false,false,false,false,true,false,0,Issue 5,Comment when Comleted,'{{issue2}}'!='',,'{{issue5_comment}}'!='',,,,213
acceptance,issue6,plot,,Notes,,156,,textarea,Issue 6,Issue 6. Please add details of problem.,,,false,false,false,false,true,false,0,Issue 6,Comment when Comleted,'{{issue3}}'!='',,'{{issue6_comment}}'!='',,,,212
acceptance,issue7,plot,,Notes,,157,,textarea,Issue 7,Issue 7. Please add details of problem.,,,false,false,false,false,true,false,0,Issue 7,Comment when Comleted,'{{issue4}}'!='',,'{{issue7_comment}}'!='',,,,211
acceptance,issue8,plot,,Notes,,158,,textarea,Issue 8,Issue 8. Please add details of problem.,,,false,false,false,false,true,false,0,Issue 8,Comment when Comleted,'{{issue5}}'!='',,'{{issue8_comment}}'!='',,,,210
acceptance,followUpRequired,"unvented_cylinder, hiu",,Notes,,200,,textarea,Follow Up,Please add details of any follow up required.,Please list non-technical tasks to be followed up by Heatweb Office.,,false,false,false,false,true,true,0,,,true,,,,,,206
acceptance,followUpBy,plot,,Notes,,201,,select,Follow Up By,Follow Up Required By ?,,,true,false,false,false,true,true,0,,,true,,,,"[{""title"":""No Further Action"",""value"":""No Further Action""},{""title"":""Commissioning Engineer"",""value"":""Commissioning Engineer""},{""title"":""Installer"",""value"":""Installer""}]",,98
